[{"Mathematics.book.title":"Applied Linear Statistical Models","Mathematics.book.publisher":"McGraw Hill","Mathematics.book.isbn":"9780073108742","Mathematics.book.pages":"1396","Mathematics.book.author":["Michael Kutner","William Li","Christopher Nachtsheim","John Neter"],"Mathematics.book.attribute":["Exercises","Illustrations","Readability"]},{"Mathematics.book.title":"Mathematical Proofs: A Transition to Advanced Mathematics","Mathematics.book.publisher":"Pearson","Mathematics.book.isbn":"9780321390530","Mathematics.book.pages":"365","Mathematics.book.author":["Gary Chartrand","Ping Zhang","Albert Polimeni"],"Mathematics.book.attribute":["Exercises","Readability"]},{"Mathematics.book.title":"Mathematical Statistics with Resampling and R","Mathematics.book.publisher":"Wiley","Mathematics.book.isbn":"9781118029855","Mathematics.book.pages":"418","Mathematics.book.author":["Laura Chihara","Tim Hesterberg"],"Mathematics.book.attribute":["Exercises","Illustrations","Readability"]}]
