<?xml version="1.0" encoding="utf-8" standalone="no"?>

<CATALOG>
  <CD>
    <TITLE>Empire Burlesque</TITLE>
    <ARTIST>Bob Dylan</ARTIST>
    <COUNTRY>USA</COUNTRY>
    <COMPANY>Columbia</COMPANY>
    <PRICE>10.90</PRICE>
    <YEAR>1985</YEAR>
  </CD>
  <CD>
    <TITLE>Greatest Hits</TITLE>
    <ARTIST>Dolly Parton</ARTIST>
    <COUNTRY>USA</COUNTRY>
    <COMPANY>RCA</COMPANY>
    <PRICE>9.90</PRICE>
    <YEAR>1982</YEAR>
  </CD>
  <CD>
    <TITLE>When a man loves a woman</TITLE>
    <ARTIST>Percy Sledge</ARTIST>
    <COUNTRY>USA</COUNTRY>
    <COMPANY>Atlantic</COMPANY>
    <PRICE>8.70</PRICE>
    <YEAR>1987</YEAR>
  </CD>
  <CD>
    <TITLE>1999 Grammy Nominees</TITLE>
    <ARTIST>Many</ARTIST>
    <COUNTRY>USA</COUNTRY>
    <COMPANY>Grammy</COMPANY>
    <PRICE>10.20</PRICE>
    <YEAR>1999</YEAR>
  </CD>
  <CD>
    <TITLE>Big Willie style</TITLE>
    <ARTIST>Will Smith</ARTIST>
    <COUNTRY>USA</COUNTRY>
    <COMPANY>Columbia</COMPANY>
    <PRICE>9.90</PRICE>
    <YEAR>1997</YEAR>
  </CD>
  <CD>
    <TITLE>The dock of the bay</TITLE>
    <ARTIST>Otis Redding</ARTIST>
    <COUNTRY>USA</COUNTRY>
    <COMPANY>Stax Records</COMPANY>
    <PRICE>7.90</PRICE>
    <YEAR>1968</YEAR>
  </CD>
  <CD>
    <TITLE>Unchain my heart</TITLE>
    <ARTIST>Joe Cocker</ARTIST>
    <COUNTRY>USA</COUNTRY>
    <COMPANY>EMI</COMPANY>
    <PRICE>8.20</PRICE>
    <YEAR>1987</YEAR>
  </CD>
</CATALOG>