[{"Tree":"1","age":1004,"circumference":115},{"Tree":"1","age":1231,"circumference":120},{"Tree":"1","age":1372,"circumference":142},{"Tree":"1","age":1582,"circumference":145},{"Tree":"2","age":1004,"circumference":156},{"Tree":"2","age":1231,"circumference":172},{"Tree":"2","age":1372,"circumference":203},{"Tree":"2","age":1582,"circumference":203},{"Tree":"3","age":1004,"circumference":108},{"Tree":"3","age":1231,"circumference":115},{"Tree":"3","age":1372,"circumference":139},{"Tree":"3","age":1582,"circumference":140},{"Tree":"4","age":1004,"circumference":167},{"Tree":"4","age":1231,"circumference":179},{"Tree":"4","age":1372,"circumference":209},{"Tree":"4","age":1582,"circumference":214},{"Tree":"5","age":1004,"circumference":125},{"Tree":"5","age":1231,"circumference":142},{"Tree":"5","age":1372,"circumference":174},{"Tree":"5","age":1582,"circumference":177}]
