[{"extra":0.7,"group":"1","ID":"1"},{"extra":-1.6,"group":"1","ID":"2"},{"extra":-0.2,"group":"1","ID":"3"},{"extra":-1.2,"group":"1","ID":"4"},{"extra":-0.1,"group":"1","ID":"5"},{"extra":3.4,"group":"1","ID":"6"},{"extra":3.7,"group":"1","ID":"7"},{"extra":0.8,"group":"1","ID":"8"},{"extra":0,"group":"1","ID":"9"},{"extra":2,"group":"1","ID":"10"},{"extra":1.9,"group":"2","ID":"1"},{"extra":0.8,"group":"2","ID":"2"},{"extra":1.1,"group":"2","ID":"3"},{"extra":0.1,"group":"2","ID":"4"},{"extra":-0.1,"group":"2","ID":"5"},{"extra":4.4,"group":"2","ID":"6"},{"extra":5.5,"group":"2","ID":"7"},{"extra":1.6,"group":"2","ID":"8"},{"extra":4.6,"group":"2","ID":"9"},{"extra":3.4,"group":"2","ID":"10"}]
