[{"pk":2,"name":"Asanzo 50 inch","fee":9000000,"image":"images/asanzo_4k_50_11690000.jpg"},{"pk":3,"name":"Panasonic 40 inch","fee":6590000,"image":"images/panansonic_40_6590000.jpg"},{"pk":5,"name":"Samsung 32 inch","fee":5999000,"image":"images/samsung_32_5990000.jpg"},{"pk":6,"name":"Sharp 45 inch","fee":7490000,"image":"images/sharp_45_7490000.jpg"},{"pk":7,"name":"Sony 48 inch","fee":11599000,"image":"images/sony_48_11599000.png"},{"pk":4,"name":"Sony 55 inch","fee":20590000,"image":"images/sony_55_20590000.jpg"},{"pk":8,"name":"TCL 55 inch","fee":9900000,"image":"images/tcl_55_9900000.jpg"},{"pk":1,"name":"Toshiba 32 inch","fee":4590000,"image":"images/toshiba32_4590000.jpg"}]
