﻿<?xml version="1.0" encoding="utf-8"?>
<?mso-application progid="Excel.Sheet"?>
<Workbook xmlns="urn:schemas-microsoft-com:office:spreadsheet" xmlns:o="urn:schemas-microsoft-com:office:office" xmlns:x="urn:schemas-microsoft-com:office:excel" xmlns:ss="urn:schemas-microsoft-com:office:spreadsheet" xmlns:html="http://www.w3.org/TR/REC-html40">
 <o:DocumentProperties>
  <Author />
  <LastAuthor />
  <Created />
  <LastSaved />
  <Company />
  <Version />
 </o:DocumentProperties>
 <Styles>
  <Style ss:ID="Default" ss:Name="Normal">
   <Alignment />
   <Borders />
   <Font />
   <Interior />
   <NumberFormat />
   <Protection />
  </Style>
  <Style ss:ID="d1">
   <Alignment ss:Horizontal="Right" ss:Vertical="Bottom" />
  </Style>
 </Styles>
 <Worksheet ss:Name="V01.08">
  <Table>
   <Row>
    <Cell>
     <Data ss:Type="String">Lượng mưa các tháng trong năm tại một số trạm quan trắc chia theo Năm, Tỉnh, thành phố và Tháng</Data>
    </Cell>
   </Row>
   <Row />
   <Row />
   <Row>
    <Cell />
    <Cell />
    <Cell>
     <Data ss:Type="String">1</Data>
    </Cell>
    <Cell>
     <Data ss:Type="String">2</Data>
    </Cell>
    <Cell>
     <Data ss:Type="String">3</Data>
    </Cell>
    <Cell>
     <Data ss:Type="String">4</Data>
    </Cell>
    <Cell>
     <Data ss:Type="String">5</Data>
    </Cell>
    <Cell>
     <Data ss:Type="String">6</Data>
    </Cell>
    <Cell>
     <Data ss:Type="String">7</Data>
    </Cell>
    <Cell>
     <Data ss:Type="String">8</Data>
    </Cell>
    <Cell>
     <Data ss:Type="String">9</Data>
    </Cell>
    <Cell>
     <Data ss:Type="String">10</Data>
    </Cell>
    <Cell>
     <Data ss:Type="String">11</Data>
    </Cell>
    <Cell>
     <Data ss:Type="String">12</Data>
    </Cell>
   </Row>
   <Row>
    <Cell>
     <Data ss:Type="String">2018</Data>
    </Cell>
    <Cell>
     <Data ss:Type="String">Hà Nội</Data>
    </Cell>
    <Cell ss:StyleID="d1">
     <Data ss:Type="String">16,6</Data>
    </Cell>
    <Cell ss:StyleID="d1">
     <Data ss:Type="String">10,0</Data>
    </Cell>
    <Cell ss:StyleID="d1">
     <Data ss:Type="String">34,0</Data>
    </Cell>
    <Cell ss:StyleID="d1">
     <Data ss:Type="String">58,8</Data>
    </Cell>
    <Cell ss:StyleID="d1">
     <Data ss:Type="String">209,0</Data>
    </Cell>
    <Cell ss:StyleID="d1">
     <Data ss:Type="String">188,5</Data>
    </Cell>
    <Cell ss:StyleID="d1">
     <Data ss:Type="String">428,1</Data>
    </Cell>
    <Cell ss:StyleID="d1">
     <Data ss:Type="String">313,4</Data>
    </Cell>
    <Cell ss:StyleID="d1">
     <Data ss:Type="String">229,7</Data>
    </Cell>
    <Cell ss:StyleID="d1">
     <Data ss:Type="String">94,4</Data>
    </Cell>
    <Cell ss:StyleID="d1">
     <Data ss:Type="String">28,2</Data>
    </Cell>
    <Cell ss:StyleID="d1">
     <Data ss:Type="String">84,2</Data>
    </Cell>
   </Row>
   <Row>
    <Cell>
     <Data ss:Type="String">2017</Data>
    </Cell>
    <Cell>
     <Data ss:Type="String">Hà Nội</Data>
    </Cell>
    <Cell ss:StyleID="d1">
     <Data ss:Type="String">70,9</Data>
    </Cell>
    <Cell ss:StyleID="d1">
     <Data ss:Type="String">12,3</Data>
    </Cell>
    <Cell ss:StyleID="d1">
     <Data ss:Type="String">112,4</Data>
    </Cell>
    <Cell ss:StyleID="d1">
     <Data ss:Type="String">19,1</Data>
    </Cell>
    <Cell ss:StyleID="d1">
     <Data ss:Type="String">105,4</Data>
    </Cell>
    <Cell ss:StyleID="d1">
     <Data ss:Type="String">212,9</Data>
    </Cell>
    <Cell ss:StyleID="d1">
     <Data ss:Type="String">449,1</Data>
    </Cell>
    <Cell ss:StyleID="d1">
     <Data ss:Type="String">283,2</Data>
    </Cell>
    <Cell ss:StyleID="d1">
     <Data ss:Type="String">266,9</Data>
    </Cell>
    <Cell ss:StyleID="d1">
     <Data ss:Type="String">259,7</Data>
    </Cell>
    <Cell ss:StyleID="d1">
     <Data ss:Type="String">19,4</Data>
    </Cell>
    <Cell ss:StyleID="d1">
     <Data ss:Type="String">47,5</Data>
    </Cell>
   </Row>
   <Row>
    <Cell>
     <Data ss:Type="String">2016</Data>
    </Cell>
    <Cell>
     <Data ss:Type="String">Hà Nội</Data>
    </Cell>
    <Cell ss:StyleID="d1">
     <Data ss:Type="String">96,9</Data>
    </Cell>
    <Cell ss:StyleID="d1">
     <Data ss:Type="String">4,2</Data>
    </Cell>
    <Cell ss:StyleID="d1">
     <Data ss:Type="String">24,7</Data>
    </Cell>
    <Cell ss:StyleID="d1">
     <Data ss:Type="String">104,5</Data>
    </Cell>
    <Cell ss:StyleID="d1">
     <Data ss:Type="String">249,0</Data>
    </Cell>
    <Cell ss:StyleID="d1">
     <Data ss:Type="String">95,1</Data>
    </Cell>
    <Cell ss:StyleID="d1">
     <Data ss:Type="String">280,4</Data>
    </Cell>
    <Cell ss:StyleID="d1">
     <Data ss:Type="String">534,5</Data>
    </Cell>
    <Cell ss:StyleID="d1">
     <Data ss:Type="String">178,5</Data>
    </Cell>
    <Cell ss:StyleID="d1">
     <Data ss:Type="String">45,0</Data>
    </Cell>
    <Cell ss:StyleID="d1">
     <Data ss:Type="String">9,3</Data>
    </Cell>
    <Cell ss:StyleID="d1">
     <Data ss:Type="String">9,0</Data>
    </Cell>
   </Row>
   <Row>
    <Cell>
     <Data ss:Type="String">2015</Data>
    </Cell>
    <Cell>
     <Data ss:Type="String">Hà Nội</Data>
    </Cell>
    <Cell ss:StyleID="d1">
     <Data ss:Type="String">25,6</Data>
    </Cell>
    <Cell ss:StyleID="d1">
     <Data ss:Type="String">12,5</Data>
    </Cell>
    <Cell ss:StyleID="d1">
     <Data ss:Type="String">59,4</Data>
    </Cell>
    <Cell ss:StyleID="d1">
     <Data ss:Type="String">21,6</Data>
    </Cell>
    <Cell ss:StyleID="d1">
     <Data ss:Type="String">74,2</Data>
    </Cell>
    <Cell ss:StyleID="d1">
     <Data ss:Type="String">241,1</Data>
    </Cell>
    <Cell ss:StyleID="d1">
     <Data ss:Type="String">96,8</Data>
    </Cell>
    <Cell ss:StyleID="d1">
     <Data ss:Type="String">354,2</Data>
    </Cell>
    <Cell ss:StyleID="d1">
     <Data ss:Type="String">345,4</Data>
    </Cell>
    <Cell ss:StyleID="d1">
     <Data ss:Type="String">99,7</Data>
    </Cell>
    <Cell ss:StyleID="d1">
     <Data ss:Type="String">158,0</Data>
    </Cell>
    <Cell ss:StyleID="d1">
     <Data ss:Type="String">31,5</Data>
    </Cell>
   </Row>
   <Row>
    <Cell>
     <Data ss:Type="String">2014</Data>
    </Cell>
    <Cell>
     <Data ss:Type="String">Hà Nội</Data>
    </Cell>
    <Cell ss:StyleID="d1">
     <Data ss:Type="String">0,7</Data>
    </Cell>
    <Cell ss:StyleID="d1">
     <Data ss:Type="String">16,1</Data>
    </Cell>
    <Cell ss:StyleID="d1">
     <Data ss:Type="String">68,6</Data>
    </Cell>
    <Cell ss:StyleID="d1">
     <Data ss:Type="String">170,4</Data>
    </Cell>
    <Cell ss:StyleID="d1">
     <Data ss:Type="String">106,1</Data>
    </Cell>
    <Cell ss:StyleID="d1">
     <Data ss:Type="String">221,7</Data>
    </Cell>
    <Cell ss:StyleID="d1">
     <Data ss:Type="String">357,3</Data>
    </Cell>
    <Cell ss:StyleID="d1">
     <Data ss:Type="String">314,7</Data>
    </Cell>
    <Cell ss:StyleID="d1">
     <Data ss:Type="String">237,3</Data>
    </Cell>
    <Cell ss:StyleID="d1">
     <Data ss:Type="String">119,4</Data>
    </Cell>
    <Cell ss:StyleID="d1">
     <Data ss:Type="String">36,5</Data>
    </Cell>
    <Cell ss:StyleID="d1">
     <Data ss:Type="String">11,8</Data>
    </Cell>
   </Row>
   <Row>
    <Cell>
     <Data ss:Type="String" />
    </Cell>
   </Row>
   <Row>
    <Cell>
     <Data ss:Type="String" />
    </Cell>
   </Row>
   <Row>
    <Cell>
     <Data ss:Type="String">Đơn vị tính:</Data>
    </Cell>
    <Cell>
     <Data ss:Type="String">mm</Data>
    </Cell>
   </Row>
   <Row>
    <Cell>
     <Data ss:Type="String" />
    </Cell>
   </Row>
   <Row>
    <Cell>
     <Data ss:Type="String">Mã tham chiếu nội tại:</Data>
    </Cell>
    <Cell>
     <Data ss:Type="String">V01.08</Data>
    </Cell>
   </Row>
  </Table>
 </Worksheet>
</Workbook>